[
    {
        "condition": "minecraft:entity_scores",
        "entity": "this",
        "scores": {
            "powerench_potato": {
                "min": 1,
                "max": 1000
            }
        }
    },
    {
        "condition": "minecraft:entity_properties",
        "entity": "this",
        "predicate": {
            "equipment": {
                "mainhand": {
                    "nbt": "{PoweredEnchantments:[{id:\"minecraft:hot_touch\"}]}"
                }
            }
        }
    }
]
