[
    {
        "condition": "minecraft:inverted",
        "term": {
            "condition": "minecraft:entity_properties",
            "entity": "this",
            "predicate": {
                "equipment": {
                    "mainhand": {
                        "items": [
                            "minecraft:enchanted_book"
                        ]
                    }
                }
            }
        }
    },
    {
        "condition": "minecraft:entity_properties",
        "entity": "this",
        "predicate": {
            "equipment": {
                "mainhand": {
                    "nbt": "{Enchantments:[{id:\"minecraft:magnetic\"}]}"
                }
            }
        }
    }
]