{
    "pools": [
        {
            "rolls": 1,
            "entries": [
                {
                    "type": "minecraft:item",
                    "name": "minecraft:knowledge_book",
                    "functions": [
                        {
                            "function": "minecraft:set_nbt",
                            "tag": "{powerench_powercount:1b}"
                        },
                        {
                            "function": "minecraft:set_lore",
                            "entity": "this",
                            "lore": [
                                {
                                    "text": "Enchanting Cost: ",
                                    "color": "dark_gray",
                                    "italic": false,
                                    "extra": [
                                        {
                                            "score": {
                                                "name": "@s",
                                                "objective": "powerench_slot"
                                            }
                                        }
                                    ]
                                }
                            ]
                        }
                    ]
                }
            ]
        }
    ]
}
