{
  "condition": "minecraft:alternative",
  "terms": [
    {
      "condition": "minecraft:entity_scores",
      "entity": "this",
      "scores": {
        "powerench_wood_a": {
          "min": 1,
          "max": 1000
        }
      }
    },
    {
      "condition": "minecraft:entity_scores",
      "entity": "this",
      "scores": {
        "powerench_rock_a": {
          "min": 1,
          "max": 1000
        }
      }
    },
    {
      "condition": "minecraft:entity_scores",
      "entity": "this",
      "scores": {
        "powerench_gold_a": {
          "min": 1,
          "max": 1000
        }
      }
    },
    {
      "condition": "minecraft:entity_scores",
      "entity": "this",
      "scores": {
        "powerench_iron_a": {
          "min": 1,
          "max": 1000
        }
      }
    },
    {
      "condition": "minecraft:entity_scores",
      "entity": "this",
      "scores": {
        "powerench_dia_a": {
          "min": 1,
          "max": 1000
        }
      }
    },
    {
      "condition": "minecraft:entity_scores",
      "entity": "this",
      "scores": {
        "powerench_net_a": {
          "min": 1,
          "max": 1000
        }
      }
    }
  ]
}
