{
  "condition": "minecraft:alternative",
  "terms": [
    {
      "condition": "minecraft:entity_scores",
      "entity": "this",
      "scores": {
        "powerench_wheat": {
          "min": 1,
          "max": 1000
        }
      }
    },
    {
      "condition": "minecraft:entity_scores",
      "entity": "this",
      "scores": {
        "powerench_root": {
          "min": 1,
          "max": 1000
        }
      }
    },
    {
      "condition": "minecraft:entity_scores",
      "entity": "this",
      "scores": {
        "powerench_carrot": {
          "min": 1,
          "max": 1000
        }
      }
    },
    {
      "condition": "minecraft:entity_scores",
      "entity": "this",
      "scores": {
        "powerench_potato": {
          "min": 1,
          "max": 1000
        }
      }
    },
    {
      "condition": "minecraft:entity_scores",
      "entity": "this",
      "scores": {
        "powerench_wart": {
          "min": 1,
          "max": 1000
        }
      }
    }
  ]
}
