[
	{
		"function": "minecraft:copy_nbt",
		"source": {
			"type": "minecraft:storage",
			"source": "powerench:table"
		},
		"ops": [
			{
				"source": "Detect.tag.StoredEnchantments",
				"target": "PoweredEnchantments",
				"op": "replace"
			}
		]
	},
	{
		"function": "minecraft:copy_nbt",
		"source": {
			"type": "minecraft:storage",
			"source": "powerench:table"
		},
		"ops": [
			{
				"source": "Detect.tag.StoredEnchantments",
				"target": "Enchantments",
				"op": "replace"
			}
		]
	},
	{
		"function": "minecraft:set_nbt",
		"tag": "{StoredEnchantments:[]}"
	}
]
