{
    "criteria": {
        "requirement": {
            "trigger": "minecraft:player_hurt_entity",
            "conditions": {
                "player": {
                    "flags": {
                        "is_sprinting": false
                    },
                    "equipment": {
                        "mainhand": {
                            "nbt": "{PoweredEnchantments:[{id:\"minecraft:life_steal\"}]}"
                        }
                    }
                }
            }
        }
    },
    "rewards": {
        "function": "powerench:enchantments/life_steal/detect"
    }
}
