[
    {
        "condition": "minecraft:entity_properties",
        "entity": "this",
        "predicate": {
            "equipment": {
                "feet": {
                    "nbt": "{Enchantments:[{id:\"minecraft:swiftness\"}]}"
                }
            }
        }
    },
    {
        "condition": "minecraft:inverted",
        "term": {
            "condition": "minecraft:entity_properties",
            "entity": "this",
            "predicate": {
                "effects": {
                    "minecraft:speed": {}
                }
            }
        }
    }
]
